{
	"pattrstorage" : 	{
		"name" : "TFfunctions",
		"slots" : 		{
			"1" : 			{
				"id" : 1,
				"data" : 				{
					"ej.function[1]" : [ 6, 7, 5, 4, 8, 10, 8, 11, 2, "/speed", 0, 1000, 0, 1, 100, 0.1, 0, 0.083799, 0, 0, 173.714286, 0.357542, 0, 0, 378.285714, 0.369955, -0.365, 0, 640, 0.418994, -0.48, 0, 1000, 0, -0.655, 0, "/x", 0, 1000, -1, 1, 100, 0.1, 0.0, 0.0, 0, 0, 266.285714, 0.080717, 0, 0, 636.571429, -0.089686, 0, 0, 1000.0, 0.004484, 0, 0, "/y", 0, 1000, -1, 1, 100, 0.1, 0.0, 0.569507, 0, 0, 201.142857, -0.484305, -0.32, 0, 364.571429, 0.443946, -0.42, 0, 523.428571, -0.672646, -0.32, 0, 672.0, 0.125561, -0.26, 0, 828.571429, -0.008969, 0.86, 0, 964.571429, 0.013453, -0.18, 0, 1000.0, -0.26009, 0.38, 0, "/LED1", 0, 1000, 0, 1, 100, 0.1, 0.0, 0.0, 0, 0, 211.428571, 0.100897, 0, 0, 334.857143, 0.098655, 0, 0, 397.714286, 0.399103, 0, 0, 478.857143, 0.0, 0, 0, 549.714286, 0.0, 0, 0, 661.714286, 0.596413, 0, 0, 763.428571, 0.338565, 0, 0, 858.285714, 1.0, 0, 0, 1000.0, 0.0, 0, 0, "/LED2", 0, 1000, 0, 1, 100, 0.1, 0.0, 0.042601, 0, 0, 100.571429, 0.733184, 0, 0, 386.285714, 0.221973, 0, 0, 493.714286, 0.174888, 0, 0, 549.714286, 0.941704, 0, 0, 676.571429, 0.304933, 0, 0, 862.857143, 0.668161, 0, 0, 1000.0, 0.11435, 0, 0, "/sonic1", 0, 1000, 0, 1, 100, 0.1, 0.0, 0.0, 0, 0, 94.857143, 0.914798, -0.54, 0, 194.285714, 0.257848, -0.22, 0, 260.571429, 0.975336, 0.34, 0, 339.428571, 0.109865, -0.26, 0, 427.428571, 0.845291, 0.22, 0, 520.0, 0.0, -0.28, 0, 653.714286, 0.867713, 0.12, 0, 781.714286, 0.982063, -0.22, 0, 947.428571, 1.0, -0.52, 0, 1000.0, 0.069507, 0.24, 0, "/sonic2", 0, 1000, 0, 1, 100, 0.1, 0.0, 1.0, 0, 0, 1000.0, 0.0, 0, 0 ],
					"time" : [ 15000 ]
				}

			}
,
			"2" : 			{
				"id" : 2,
				"data" : 				{
					"ej.function[1]" : [ 6, 5, 4, 4, 8, 5, 9, "/LED1", 0, 1000, 0, 1, 100, 0.1, 0, 0.0, 0, 0, 261.714286, 1.0, -0.735, 0, 492.571429, 0.639013, 0.2, 0, 1000, 0.0, -0.635, 0, "/LED2", 0, 1000, 0, 1, 100, 0.1, 0.0, 0.0, 0, 0, 507.428571, 0.639013, 0.635, 0, 738.285714, 1.0, -0.2, 0, 1000.0, 0.0, 0.735, 0, "/y", 0, 1000, -1, 1, 100, 0.1, 0.0, 0.004484, 0, 0, 144.0, 0.0, 0, 0, 301.714286, -0.188341, -0.365, 0, 412.571429, 0.197309, 0.22, 0, 493.714286, 0.358744, -0.48, 0, 601.142857, -0.035874, 0.3, 0, 649.142857, -0.188341, -0.665, 0, 1000.0, -0.098655, -0.655, 0, "/x", 0, 1000, -1, 1, 100, 0.1, 0.0, 0.0, 0, 0, 241.142857, -0.085202, -0.36, 0, 593.142857, 0.179372, 0.52, 0, 682.285714, 0.242152, -0.595, 0, 1000.0, 0.0, 0.655, 0, "/speed", 0, 1000, 0, 1, 20, 0.1, 0.0, 0.159193, 0, 0, 114.285714, 0.282511, 0, 0, 209.142857, 0.087444, 0, 0, 315.428571, 0.159193, 0, 0, 525.714286, 0.369955, 0, 0, 604.571429, 0.360987, 0, 0, 674.285714, 0.195067, 0, 0, 868.571429, 0.233184, 0, 0, 1000.0, 0.251121, 0, 0 ],
					"time" : [  ]
				}

			}
,
			"9" : 			{
				"id" : 9,
				"data" : 				{
					"ej.function[1]" : [ 6, 5, 4, 4, 8, 5, 9, "/LED1", 0, 1000, 0, 1, 100, 0.1, 0, 0, 0, 0, 261.714286, 1, -0.735, 0, 492.571429, 0.639013, 0.2, 0, 1000, 0, -0.635, 0, "/LED2", 0, 1000, 0, 1, 100, 0.1, 0, 0, 0, 0, 507.428571, 0.639013, 0.635, 0, 738.285714, 1, -0.2, 0, 1000, 0, 0.735, 0, "/y", 0, 1000, -1, 1, 100, 0.1, 0, 0.004484, 0, 0, 144, 0, 0, 0, 301.714286, -0.188341, -0.365, 0, 412.571429, 0.197309, 0.22, 0, 493.714286, 0.358744, -0.48, 0, 601.142857, -0.035874, 0.3, 0, 649.142857, -0.188341, -0.665, 0, 1000, -0.098655, -0.655, 0, "/x", 0, 1000, -1, 1, 100, 0.1, 0, 0, 0, 0, 241.142857, -0.085202, -0.36, 0, 593.142857, 0.179372, 0.52, 0, 682.285714, 0.242152, -0.595, 0, 1000, 0, 0.655, 0, "/speed", 0, 1000, 0, 1, 20, 0.1, 0, 0.159193, 0, 0, 114.285714, 0.282511, 0, 0, 209.142857, 0.087444, 0, 0, 315.428571, 0.159193, 0, 0, 525.714286, 0.369955, 0, 0, 604.571429, 0.360987, 0, 0, 674.285714, 0.195067, 0, 0, 868.571429, 0.233184, 0, 0, 1000, 0.251121, 0, 0 ],
					"time" : [ 4000 ]
				}

			}

		}

	}

}
